Qty,Value,Device,Package,Parts,Description,CATEGORY,COLOR,COPYRIGHT,DATASHEET,DESCRIPTION,FORWARD_CURRENT,FORWARD_VOLTAGE,MANUFACTURER,MANUFACTURER_PART_NUMBER,MFR_NAME,MPN,OPERATING_TEMPERATURE,PACKAGE_SIZE,PACKAGE_TYPE,PART_STATUS,ROHS,SERIES,SUBCATEGORY,TEMPERATURE_COEFFICIENT,THERMALLOSS,TOLERANCE,TYPE,VOLTAGE_RATING
2,1000u,CAP_10X20INCAP_10X20IN,CAP_10X20IN,"C4, C9",,,,"Copyright (C) 2025 Ultra Librarian. All rights reserved.",,,,,,UVR1E102MPD,Nichicon,,,,,,,,,,,,,
2,100n,C_CHIP-0805(2012-METRIC),CAPC2012X110,"C5, C7","Capacitor - Generic",Capacitor,,,,,,,,,,,,0805,SMD,,,,"Ceramic Capacitors",,,,MLCC,
3,100u,100UF_CAPCAP_YX_6P3X11_RUB,100UF_CAP,"C1, C2, C3",,,,"Copyright (C) 2025 Ultra Librarian. All rights reserved.",,,,,,35ZLH100MEFC6.3X11,Rubycon,,,,,,,,,,,,,
1,100uH,100UH_INDIND_MURATA_2200_MUR,IND_MURATA_2200_MUR,L1,,,,"Copyright (C) 2025 Ultra Librarian. All rights reserved.",,,,,,22R104C,Murata,,,,,,,,,,,,,
5,10k,R-US_CHIP-0805(2012-METRIC),RESC2012X65,"R1, R2, R3, R4, R12","Resistor Fixed - ANSI",Resistors,,,,"Chip Resistor 2.00 X 1.25 X 0.65 mm body 0805(2012-METRIC) Package",,,,,,,,0805,SMD,,,,,,,,,
4,1N4007,DIODE_SOD-123FL,SOD-123FL,"D3, D4, D5, D6",Diode,,,,,,,,,,,,,,,,,,,,,,,
1,1k,R-US_CHIP-0805(2012-METRIC),RESC2012X65,R6,"Resistor Fixed - ANSI",Resistors,,,,"Chip Resistor 2.00 X 1.25 X 0.65 mm body 0805(2012-METRIC) Package",,,,,,,,0805,SMD,,,,,,,,,
1,22p,C_CHIP-0805(2012-METRIC),CAPC2012X110,C18,"Capacitor - Generic",Capacitor,,,,,,,,,,,,0805,SMD,,,,"Ceramic Capacitors",,,,MLCC,
1,3k,R-US_CHIP-0805(2012-METRIC),RESC2012X65,R5,"Resistor Fixed - ANSI",Resistors,,,,"Chip Resistor 2.00 X 1.25 X 0.65 mm body 0805(2012-METRIC) Package",,,,,,,,0805,SMD,,,,,,,,,
1,"5V USB",JST-XH-03-PIN-LONG-PAD,JST-XH-03-PACKAGE-LONG-PAD,X1,"JST XH Connector 2 Pin",,,,,,,,,,,,,,,,,,,,,,,
1,AC,JST-XH-02-PIN-LONG-PAD,-LONG-PAD,X11,"JST XH Connector 2 Pin",,,,,,,,,,,,,,,,,,,,,,,
1,AMS1117-3.3,AMS1117-3.3_ADS-L,_ADS-L,U3,,,,"Copyright (C) 2024 Ultra Librarian. All rights reserved.",,,,,,AMS1117-3.3,"Advanced Monolithic Systems",,,,,,,,,,,,,
5,LED,CHIP-FLAT-B_0805,LEDC2012X110N_FLAT-B,"3V3, 5V, 5V_POW, 5V_USB, 12V","Blue LED - Generic",LED,Blue,,,"Blue LED Indication 0805 (2012 Metric)",,,,,,,,0805,SMD,,,,"Chip LED",,,,"Square with Flat Top",
1,LM2576-ADJ,LM2576-ADJT05A_TEX,T05A_TEX,U2,,,,"Copyright (C) 2025 Ultra Librarian. All rights reserved.",,,,,,LM2576HVT-ADJ/NOPB,"Texas Instruments",,,,,,,,,,,,,
1,MBR360RLGDO-201AD_ONS,MBR360RLGDO-201AD_ONS,DO-201AD_ONS,MBR360,,,,"Copyright (C) 2025 Ultra Librarian. All rights reserved.",,,,,,MBR360RLG,onsemi,,,,,,,,,,,,,
1,"POWER OUT",JST-XH-04-PIN-LONG-PAD,JST-XH-04-PACKAGE-LONG-PAD,X10,"JST XH Connector 2 Pin",,,,,,,,,,,,,,,,,,,,,,,
1,POWER/USB,SL_SWITCHSS-12D10G5_XKB,SS-12D10G5_XKB,SW1,,,,"Copyright (C) 2025 Ultra Librarian. All rights reserved.",,,,,,SS-12D10G5,"XKB Connectivity",,,,,,,,,,,,,
