Qty,Value,Device,Package,Parts,Description,CATEGORY,COLOR,COPYRIGHT,DATASHEET,DESCRIPTION,FORWARD_CURRENT,FORWARD_VOLTAGE,MANUFACTURER,MANUFACTURER_PART_NUMBER,MFR_NAME,MPN,OPERATING_TEMPERATURE,PACKAGE_SIZE,PACKAGE_TYPE,PART_STATUS,PITCH,ROHS,SERIES,SUBCATEGORY,TEMPERATURE_COEFFICIENT,THERMALLOSS,TOLERANCE,TYPE,VOLTAGE_RATING
2,0,R-US_CHIP-0805(2012-METRIC),RESC2012X65,"R1, R2","Resistor Fixed - ANSI",Resistors,,,,"Chip Resistor 2.00 X 1.25 X 0.65 mm body 0805(2012-METRIC) Package",,,,,,,,0805,SMD,,,,,,,,,,
1,10k,R-US_CHIP-0805(2012-METRIC),RESC2012X65,R5,"Resistor Fixed - ANSI",Resistors,,,,"Chip Resistor 2.00 X 1.25 X 0.65 mm body 0805(2012-METRIC) Package",,,,,,,,0805,SMD,,,,,,,,,,
1,1k,R-US_CHIP-0805(2012-METRIC),RESC2012X65,R11,"Resistor Fixed - ANSI",Resistors,,,,"Chip Resistor 2.00 X 1.25 X 0.65 mm body 0805(2012-METRIC) Package",,,,,,,,0805,SMD,,,,,,,,,,
2,4.7u,C_CHIP-0805(2012-METRIC),CAPC2012X110,"C1, C2","Capacitor - Generic",Capacitor,,,,,,,,,,,,0805,SMD,,,,,"Ceramic Capacitors",,,,MLCC,
1,CP2102,CP2102-GMQFN28_5X5_SIL,QFN28_5X5_SIL,U1,,,,"Copyright (C) 2025 Ultra Librarian. All rights reserved.",,,,,,CP2102-GM,"Silicon Labs",,,,,,,,,,,,,,
1,LED,CHIP-FLAT-B_0805,LEDC2012X110N_FLAT-B,D1,"Blue LED - Generic",LED,Blue,,,"Blue LED Indication 0805 (2012 Metric)",,,,,,,,0805,SMD,,,,,"Chip LED",,,,"Square with Flat Top",
1,PINHD-1X4,PINHD-1X4,1X04,JP1,"PIN HEADER",Headers,,,,"Header-Straight-4 Position",,,,,,,,,THT,," (2.54mm)",,,"Headers-Male Pins",,,,"Board to Board or Cable-Unshrouded-Through Hole-Straight",
1,USB-A,USB-A1VSB6_OST,USB-A,J1,,,,"Copyright (C) 2025 Ultra Librarian. All rights reserved.",,,,,,USB-A1VSB6,"On Shore Technology",,,,,,,,,,,,,,
