Qty,Value,Device,Package,Parts,Description,CATEGORY,COLOR,COPYRIGHT,DATASHEET,DESCRIPTION,FORWARD_CURRENT,FORWARD_VOLTAGE,IC_MAX,MANUFACTURER,MANUFACTURER_PART_NUMBER,MF,MFR_NAME,MPN,OC_FARNELL,OC_NEWARK,OPERATING_TEMP,OPERATING_TEMPERATURE,PACKAGE_SIZE,PACKAGE_TYPE,PART_STATUS,PITCH,POPULARITY,ROHS,ROHS_COMPLIANT,SERIES,SUB-CATEGORY,SUBCATEGORY,TEMPERATURE_COEFFICIENT,THERMALLOSS,TOLERANCE,TYPE,VALUE,VCEO_MAX,VOLTAGE_RATING
1,,FEM-HEAD,FE05-1,SV1,"FEMALE HEADER",,,,,,,,,,,,,,unknown,unknown,,,,,,,7,,,,,,,,,,,,
4,10k,R-US_CHIP-0805(2012-METRIC),RESC2012X65,"R3, R4, R6, R8","Resistor Fixed - ANSI",Resistors,,,,"Chip Resistor 2.00 X 1.25 X 0.65 mm body 0805(2012-METRIC) Package",,,,,,,,,,,,,0805,SMD,,,,,,,,,,,,,,,
4,150,R-US_CHIP-0805(2012-METRIC),RESC2012X65,"R13, R14, R15, R16","Resistor Fixed - ANSI",Resistors,,,,"Chip Resistor 2.00 X 1.25 X 0.65 mm body 0805(2012-METRIC) Package",,,,,,,,,,,,,0805,SMD,,,,,,,,,,,,,,,
11,1k,R-US_CHIP-0805(2012-METRIC),RESC2012X65,"12V, R1, R2, R5, R7, R10, R11, R12, R17, R19, R20","Resistor Fixed - ANSI",Resistors,,,,"Chip Resistor 2.00 X 1.25 X 0.65 mm body 0805(2012-METRIC) Package",,,,,,,,,,,,,0805,SMD,,,,,,,,,,,,,,,
2,1n,C_CHIP-0805(2012-METRIC),CAPC2012X110,"C12, C13","Capacitor - Generic",Capacitor,,,,,,,,,,,,,,,,,0805,SMD,,,,,,,,"Ceramic Capacitors",,,,MLCC,,,
1,5V_USB,JST-XH-03-PIN-LONG-PAD,JST-XH-03-PACKAGE-LONG-PAD,X1,"JST XH Connector 2 Pin",,,,,,,,,,,,,,,,,,,,,,,,,,,,,,,,,,
1,BUTTONS,PINHD-1X6,1X06,JP2,"PIN HEADER",Headers,,,,"Header-Straight-6 Position",,,,,,,,,,,,,,THT,," (2.54mm)",,,,,,"Headers-Male Pins",,,,"Board to Board or Cable-Unshrouded-Through Hole-Straight",,,
1,Buzzer,PINHD-1X2,1X02,JP3,"PIN HEADER",Headers,,,,"Header-Straight-2 Position",,,,,,,,,,,,,,THT,," (2.54mm)",,,,,,"Headers-Male Pins",,,,"Board to Board or Cable-Unshrouded-Through Hole-Straight",,,
2,E-FAN,JST-XH-02-PIN-LONG-PAD,-LONG-PAD,"X5, X7","JST XH Connector 2 Pin",,,,,,,,,,,,,,,,,,,,,,,,,,,,,,,,,,
1,ESP32ESP-WROOM-32_EXP,ESP32ESP-WROOM-32_EXP,ESP32_SCH_PCB,U1,,,,"Copyright (C) 2024 Ultra Librarian. All rights reserved.",,,,,,,ESP-WROOM-32,,"Espressif Systems",,,,,,,,,,,,,,,,,,,,,,
2,EVQ22705RSW_EVQ22705R_PAN,EVQ22705RSW_EVQ22705R_PAN,SW_EVQ22705R_PAN,"BOOT, EN",,,,"Copyright (C) 2024 Ultra Librarian. All rights reserved.",,,,,,,EVQ-22705R,,Panasonic,,,,,,,,,,,,,,,,,,,,,,
1,HEAT+FAN,JST-XH-06-PIN-LONG-PAD,JST-XH-06-PACKAGE-LONG-PAD,X2,"JST XH Connector 2 Pin",,,,,,,,,,,,,,,,,,,,,,,,,,,,,,,,,,
2,J3Y_NPN,NPN_SC59-BEC,SC59,"Q1, Q2","NPN - Generic",Transistor,,,,,,,,,,,,,,,,,,,,,,,,,BJT,,,,,NPN,NPN,,
1,LCD,JST-XH-09-PIN-LONG-PAD,JST-XH-09-PACKAGE-LONG-PAD,X8,"JST XH Connector 2 Pin",,,,,,,,,,,,,,,,,,,,,,,,,,,,,,,,,,
6,LED,CHIP-FLAT-B_0805,LEDC2012X110N_FLAT-B,"3V3, 5V, D4, FAN, FLASH, HEAT","Blue LED - Generic",LED,Blue,,,"Blue LED Indication 0805 (2012 Metric)",,,,,,,,,,,,,0805,SMD,,,,,,,,"Chip LED",,,,"Square with Flat Top",,,
1,MAX6675_1,MAX6675_LARGE21-0041B_8_MXM,21-0041B_8_MXM,U3,,,,"Copyright (C) 2025 Ultra Librarian. All rights reserved.",,,,,,,max6675isa+T,,"Analog Devices Inc",,,,,,,,,,,,,,,,,,,,,,
1,MAX6675_2,MAX6675_LARGE21-0041B_8_MXM,21-0041B_8_MXM,U4,,,,"Copyright (C) 2025 Ultra Librarian. All rights reserved.",,,,,,,max6675isa+T,,"Analog Devices Inc",,,,,,,,,,,,,,,,,,,,,,
1,MAX6675_3,MAX6675_LARGE21-0041B_8_MXM,21-0041B_8_MXM,U5,,,,"Copyright (C) 2025 Ultra Librarian. All rights reserved.",,,,,,,max6675isa+T,,"Analog Devices Inc",,,,,,,,,,,,,,,,,,,,,,
1,MAX6675_4,MAX6675_LARGE21-0041B_8_MXM,21-0041B_8_MXM,U6,,,,"Copyright (C) 2025 Ultra Librarian. All rights reserved.",,,,,,,max6675isa+T,,"Analog Devices Inc",,,,,,,,,,,,,,,,,,,,,,
1,ORIG_LEDs,JST-XH-04-PIN-LONG-PAD,JST-XH-04-PACKAGE-LONG-PAD,X3,"JST XH Connector 2 Pin",,,,,,,,,,,,,,,,,,,,,,,,,,,,,,,,,,
1,POWER,JST-XH-04-PIN-LONG-PAD,JST-XH-04-PACKAGE-LONG-PAD,X10,"JST XH Connector 2 Pin",,,,,,,,,,,,,,,,,,,,,,,,,,,,,,,,,,
1,SD_CARD,JST-XH-04-PIN-LONG-PAD,JST-XH-04-PACKAGE-LONG-PAD,X4,"JST XH Connector 2 Pin",,,,,,,,,,,,,,,,,,,,,,,,,,,,,,,,,,
1,TCL_1,OSTVN02A150CONN_OSTVN02A150_OST,CONN_OSTVN02A150_OST,J1,,,,"Copyright (C) 2025 Ultra Librarian. All rights reserved.",,,,,,,OSTVN02A150,,"On Shore Technology",,,,,,,,,,,,,,,,,,,,,,
1,TCL_2,OSTVN02A150CONN_OSTVN02A150_OST,CONN_OSTVN02A150_OST,J8,,,,"Copyright (C) 2025 Ultra Librarian. All rights reserved.",,,,,,,OSTVN02A150,,"On Shore Technology",,,,,,,,,,,,,,,,,,,,,,
1,TCL_3,OSTVN02A150CONN_OSTVN02A150_OST,CONN_OSTVN02A150_OST,J6,,,,"Copyright (C) 2025 Ultra Librarian. All rights reserved.",,,,,,,OSTVN02A150,,"On Shore Technology",,,,,,,,,,,,,,,,,,,,,,
1,TCL_4,OSTVN02A150CONN_OSTVN02A150_OST,CONN_OSTVN02A150_OST,J7,,,,"Copyright (C) 2025 Ultra Librarian. All rights reserved.",,,,,,,OSTVN02A150,,"On Shore Technology",,,,,,,,,,,,,,,,,,,,,,
1,TOUCH,JST-XH-05-PIN-LONG-PAD,JST-XH-05-PACKAGE-LONG-PAD,X6,"JST XH Connector 2 Pin",,,,,,,,,,,,,,,,,,,,,,,,,,,,,,,,,,
